{
  "PVV": {
    "economic": 0.6023916292974589,
    "social": -1
  },
  "GL-PvdA": {
    "economic": -0.4600870827285921,
    "social": 0.6266666666666667
  },
  "CDA": {
    "economic": 0.12336719883889691,
    "social": -0.21333333333333337
  },
  "D66": {
    "economic": -0.1291727140783745,
    "social": 0.5866666666666667
  },
  "VVD": {
    "economic": 0.7329462989840347,
    "social": -0.26
  },
  "JA21": {
    "economic": 0.83744557329463,
    "social": -0.6333333333333333
  },
  "SP": {
    "economic": -0.7619738751814223,
    "social": 0.23333333333333328
  },
  "FvD": {
    "economic": 0.95355587808418,
    "social": -0.96
  },
  "PvdD": {
    "economic": -0.7910014513788098,
    "social": 0.8466666666666667
  },
  "SGP": {
    "economic": 0.47460087082728597,
    "social": -0.5
  },
  "DENK": {
    "economic": -0.4426705370101597,
    "social": 0.24
  },
  "Volt": {
    "economic": -0.33817126269956455,
    "social": 1
  },
  "CU": {
    "economic": -0.14368650217706824,
    "social": 0.020000000000000018
  },
  "BBB": {
    "economic": 0.7387518142235123,
    "social": -0.7866666666666666
  },
  "50PLUS": {
    "economic": 0.013062409288824295,
    "social": -0.5800000000000001
  },
  "NSC": {
    "economic": 0.3,
    "social": 0.1
  }
}