{
  "PVV": {
    "economic": 0.42161775232641374,
    "social": -0.7
  },
  "GL-PvdA": {
    "economic": -0.19282511210762332,
    "social": -0.046666666666666634
  },
  "CDA": {
    "economic": 0.37817638266068765,
    "social": 0.84
  },
  "VVD": {
    "economic": 0.7193987115246958,
    "social": 0.11333333333333329
  },
  "D66": {
    "economic": -0.1,
    "social": 0.8
  },
  "JA21": {
    "economic": 0.8784099766173032,
    "social": -0.2666666666666666
  },
  "SP": {
    "economic": -0.8053596614950634,
    "social": -0.09333333333333327
  },
  "FvD": {
    "economic": 0.7942322681215901,
    "social": -0.5733333333333333
  },
  "DENK": {
    "economic": -0.3963328631875882,
    "social": -0.31333333333333324
  },
  "BBB": {
    "economic": 0.4824629773967264,
    "social": -0.22666666666666657
  },
  "PvdD": {
    "economic": -0.5,
    "social": 0.7
  },
  "CU": {
    "economic": -0.1,
    "social": -0.6
  },
  "SGP": {
    "economic": 0.8597038191738113,
    "social": -0.98
  },
  "Volt": {
    "economic": -0.2,
    "social": 0.9
  },
  "50PLUS": {
    "economic": 0.0,
    "social": 0.0
  },
  "NSC": {
    "economic": 0.3,
    "social": 0.1
  }
}